[{"id":"4de4ec1.057df14","type":"tab","label":"Flow 2","disabled":false,"info":""},{"id":"a4f2bf6d.a9ce2","type":"rpi-gpio in","z":"4de4ec1.057df14","name":"Button","pin":"7","intype":"up","debounce":"25","read":true,"x":270,"y":160,"wires":[["fdcec701.f10938","abc4aa71.00a2d8"]]},{"id":"fdcec701.f10938","type":"debug","z":"4de4ec1.057df14","name":"","active":true,"tosidebar":true,"console":false,"tostatus":false,"complete":"false","x":530,"y":120,"wires":[]},{"id":"abc4aa71.00a2d8","type":"rpi-gpio out","z":"4de4ec1.057df14","name":"LED","pin":"11","set":"","level":"0","freq":"","out":"out","x":510,"y":200,"wires":[]}]